{"name":"erewrewrw","difficulty":2.857142857142857,"timeconsumption":6.428571428571429,"entertainment":6.428571428571429,"numTimeconsumption":7.0,"numEntertainment":7.0,"numDifficulty":7.0,"timeRatings":[5,5,7,7,7,7,7],"entRatings":[5,5,7,7,7,7,7],"diffRatings":[5,5,2,2,2,2,2]}